Timestamp,PositionX,PositionY,PositionZ,RotationX,RotationY,RotationZ,RotationW
2023-05-17 15:12:37.254,0.06646663,-0.14862794,0.17119259,0.12615423,0.98434174,-0.056134105,-0.109569296
2023-05-17 15:12:37.263,0.09964866,-0.15328282,0.16544248,0.031200657,0.99837327,-0.041186716,-0.024101146
2023-05-17 15:12:37.269,0.09964866,-0.15328282,0.16544248,0.031200657,0.99837327,-0.041186716,-0.024101146
2023-05-17 15:12:37.274,0.09964866,-0.15328282,0.16544248,0.031200657,0.99837327,-0.041186716,-0.024101146
2023-05-17 15:12:37.317,0.09922456,-0.15332043,0.1653911,0.032077167,0.99829835,-0.041396555,-0.025646027
2023-05-17 15:12:37.398,0.09883437,-0.15323943,0.16552758,0.032874692,0.99821407,-0.04196885,-0.02695189
2023-05-17 15:12:37.495,0.098552875,-0.1530602,0.16558397,0.033656534,0.9981802,-0.041956786,-0.027261054
2023-05-17 15:12:37.606,0.09749017,-0.15276521,0.16564454,0.036325604,0.9979538,-0.042428073,-0.031121742
2023-05-17 15:12:37.704,0.097649835,-0.15244615,0.16527097,0.035552345,0.99794585,-0.04138046,-0.033580523
2023-05-17 15:12:37.801,0.099382944,-0.15275365,0.16403209,0.030284964,0.9983537,-0.03669429,-0.032035373
2023-05-17 15:12:37.899,0.10158011,-0.15995067,0.1613753,0.02265723,0.9989416,-0.023181407,-0.03263074
2023-05-17 15:12:37.996,0.09902118,-0.17164236,0.15787211,0.023915665,0.999014,-0.0057067866,-0.03696348
2023-05-17 15:12:38.108,0.09418672,-0.17885655,0.15975042,0.033871535,0.9986075,-0.0021051168,-0.04038912
2023-05-17 15:12:38.205,0.09335196,-0.18056512,0.16340686,0.037283294,0.9987544,-0.009837628,-0.031667527
2023-05-17 15:12:38.303,0.09181738,-0.18494493,0.16332999,0.041841038,0.9986309,-0.009803235,-0.029824682
2023-05-17 15:12:38.400,0.090232,-0.18749118,0.16081472,0.044693094,0.99834704,-0.0015504062,-0.036101636
2023-05-17 15:12:38.498,0.090781264,-0.19061667,0.15839842,0.042002063,0.99847376,0.005304813,-0.035465647
2023-05-17 15:12:38.595,0.094261065,-0.19426548,0.15839398,0.034355257,0.9989678,0.006780386,-0.028932074
2023-05-17 15:12:38.706,0.09612552,-0.19817966,0.15735269,0.029258033,0.999179,0.009753703,-0.026267722
2023-05-17 15:12:38.804,0.096019164,-0.19977659,0.15671562,0.028836511,0.9991291,0.012004465,-0.027664483
2023-05-17 15:12:38.902,0.096507065,-0.2024551,0.1559319,0.027476659,0.9991965,0.014161557,-0.025510725
2023-05-17 15:12:38.999,0.097691916,-0.20464247,0.15535863,0.0245673,0.9992831,0.016022116,-0.023937907
2023-05-17 15:12:39.097,0.09748928,-0.20654124,0.15472402,0.024203513,0.99926615,0.017722128,-0.023814827
2023-05-17 15:12:39.208,0.097565524,-0.20807731,0.15431885,0.02347146,0.9992829,0.01869714,-0.0230907
2023-05-17 15:12:39.305,0.0977166,-0.20898587,0.15433088,0.023333728,0.9993128,0.018852502,-0.021771517
2023-05-17 15:12:39.403,0.097938724,-0.21048433,0.1542231,0.023136826,0.99930143,0.019490479,-0.02193906
2023-05-17 15:12:39.500,0.09773874,-0.21118951,0.15378767,0.023404477,0.99927163,0.020317165,-0.022260843
2023-05-17 15:12:39.598,0.09760896,-0.20801657,0.15397328,0.024322994,0.9992884,0.019364418,-0.021358687
2023-05-17 15:12:39.696,0.097936496,-0.20868254,0.15317026,0.023561914,0.9992791,0.021765111,-0.020308284
2023-05-17 15:12:39.807,0.099474035,-0.21185702,0.15285054,0.019969193,0.99935347,0.023298621,-0.018737275
2023-05-17 15:12:39.904,0.10059032,-0.2138694,0.15319905,0.01723388,0.99942666,0.022859931,-0.018075265
2023-05-17 15:12:40.002,0.10005101,-0.21658236,0.15296784,0.016956896,0.9994242,0.023545053,-0.017585883
2023-05-17 15:12:40.099,0.10130319,-0.21867633,0.15281665,0.014052369,0.9994762,0.024513807,-0.015771821
2023-05-17 15:12:40.199,0.103184566,-0.221479,0.15236901,0.0106716845,0.99951583,0.025663044,-0.0139871575
2023-05-17 15:12:40.308,0.10343048,-0.22329575,0.15232259,0.009970578,0.99950695,0.026095748,-0.014335393
2023-05-17 15:12:40.406,0.10339576,-0.2230336,0.1524149,0.0099228555,0.999501,0.025819596,-0.01524999
2023-05-17 15:12:40.503,0.10201104,-0.21526617,0.1550071,0.013275342,0.9996002,0.019435525,-0.015668832
2023-05-17 15:12:40.601,0.09867889,-0.20515138,0.15924722,0.021593297,0.9996062,0.0073510995,-0.01634256
2023-05-17 15:12:40.698,0.09161058,-0.19560367,0.16520132,0.038368247,0.9989511,-0.00800532,-0.023673683
2023-05-17 15:12:40.795,0.08602597,-0.19421262,0.17447937,0.05549774,0.99742943,-0.035050955,-0.02873756
2023-05-17 15:12:40.906,0.06684688,-0.19572765,0.19704077,0.101853214,0.98911947,-0.088137895,-0.05916378
2023-05-17 15:12:41.004,0.048908517,-0.19048434,0.21535313,0.14736967,0.97629696,-0.12736215,-0.09436762
2023-05-17 15:12:41.101,0.03463398,-0.18598711,0.22668134,0.18212594,0.9643953,-0.14758319,-0.122438
2023-05-17 15:12:41.199,0.028964877,-0.18790334,0.23493835,0.19800758,0.9564558,-0.16112328,-0.1415084
2023-05-17 15:12:41.296,0.024705857,-0.18493766,0.24669509,0.21247324,0.9473461,-0.18008496,-0.15798719
2023-05-17 15:12:41.408,0.018178694,-0.18464184,0.25154358,0.22716534,0.9392492,-0.1836408,-0.18023008
2023-05-17 15:12:41.505,0.0139533505,-0.1821757,0.25684708,0.24011189,0.9310798,-0.18794626,-0.20028195
2023-05-17 15:12:41.603,0.0095117465,-0.17955303,0.26256952,0.25370693,0.9213054,-0.19401045,-0.22178605
2023-05-17 15:12:41.700,0.009099744,-0.1783312,0.26800722,0.25831974,0.9146486,-0.20081404,-0.2374077
2023-05-17 15:12:41.798,0.010306582,-0.18024641,0.27026922,0.25482294,0.9124372,-0.2035669,-0.24715193
2023-05-17 15:12:41.896,0.009546354,-0.1810891,0.27213094,0.2564387,0.9104318,-0.20368478,-0.2527164
2023-05-17 15:12:42.007,0.008689009,-0.18259317,0.2732006,0.25688127,0.9101241,-0.2030581,-0.25387666
2023-05-17 15:12:42.104,0.009703785,-0.18640333,0.2736364,0.2513693,0.9122877,-0.20219833,-0.25231025
2023-05-17 15:12:42.201,0.009756245,-0.18810856,0.27426404,0.25001702,0.91279614,-0.20188451,-0.25206593
2023-05-17 15:12:42.299,0.0085655525,-0.18868238,0.27580166,0.25247532,0.9113861,-0.20288014,-0.25391206
2023-05-17 15:12:42.396,0.007659547,-0.18953401,0.2770266,0.25418797,0.9102145,-0.20305154,-0.25625786
2023-05-17 15:12:42.508,0.006527297,-0.193407,0.27669516,0.25311923,0.91170365,-0.19838217,-0.2556786
2023-05-17 15:12:42.606,0.0055829585,-0.19556898,0.2779373,0.2534727,0.91174096,-0.19775155,-0.25568378
2023-05-17 15:12:42.703,0.0006290078,-0.19566596,0.28131074,0.26456776,0.90586346,-0.19633421,-0.26621056
2023-05-17 15:12:42.801,0.0035286844,-0.19335496,0.27885368,0.26176354,0.906456,-0.1969096,-0.2665405
2023-05-17 15:12:42.898,0.009703934,-0.18245417,0.27166748,0.2611612,0.9076186,-0.20144132,-0.25970107
2023-05-17 15:12:43.009,0.021548264,-0.16931564,0.2529326,0.2393524,0.9225571,-0.19875735,-0.22824168
2023-05-17 15:12:43.106,0.037321836,-0.16600955,0.22417873,0.19840226,0.9441564,-0.1593052,-0.20934913
2023-05-17 15:12:43.204,0.054759815,-0.16605026,0.19735682,0.14506508,0.9671645,-0.10720007,-0.17904475
2023-05-17 15:12:43.301,0.06976566,-0.17217147,0.18226984,0.09780129,0.9835742,-0.069625534,-0.13479158
2023-05-17 15:12:43.399,0.070315704,-0.18100828,0.17144106,0.08528568,0.98662406,-0.034573164,-0.13455035
2023-05-17 15:12:43.496,0.07903548,-0.1884135,0.1645435,0.062357098,0.9928059,-0.01467639,-0.10115625
2023-05-17 15:12:43.607,0.08169797,-0.19192296,0.1606841,0.056583077,0.99552274,-0.0019833446,-0.075689465
2023-05-17 15:12:43.705,0.083054364,-0.19417024,0.16021718,0.054734305,0.9964141,-0.00013160704,-0.0645214
2023-05-17 15:12:43.802,0.08369383,-0.19789308,0.16000108,0.052162975,0.9965853,-0.00037106866,-0.06400406
2023-05-17 15:12:43.900,0.083297,-0.20231539,0.16009282,0.051110074,0.9963427,0.0012625455,-0.068463475
2023-05-17 15:12:43.998,0.085704476,-0.2070908,0.16137785,0.045195796,0.9968445,-0.0010266305,-0.065249644
2023-05-17 15:12:44.095,0.0862041,-0.21018344,0.16080852,0.04344431,0.99693793,0.0010008514,-0.06501098
2023-05-17 15:12:44.206,0.087933,-0.21398908,0.15941887,0.039032314,0.99735,0.0048331316,-0.061205074
2023-05-17 15:12:44.304,0.08884375,-0.21572942,0.15881026,0.03640947,0.9974984,0.0067350855,-0.060215563
2023-05-17 15:12:44.401,0.08862555,-0.21759915,0.15882875,0.036370326,0.99747866,0.007290541,-0.060499758
2023-05-17 15:12:44.499,0.08857746,-0.21960121,0.15869357,0.03610581,0.99750394,0.008147805,-0.060131002
2023-05-17 15:12:44.597,0.087959,-0.22158957,0.15824607,0.03689495,0.9974053,0.009734123,-0.061046407
2023-05-17 15:12:44.708,0.087408125,-0.22352386,0.15744387,0.03750157,0.99729264,0.011819808,-0.062138118
2023-05-17 15:12:44.805,0.0877811,-0.22466308,0.15702292,0.03652381,0.997327,0.0129903555,-0.061935723
2023-05-17 15:12:44.903,0.08774686,-0.22491634,0.15670016,0.036564063,0.99729204,0.013719378,-0.062315866
2023-05-17 15:12:45.000,0.08929257,-0.22327346,0.15714999,0.033687696,0.997538,0.012292175,-0.060265396
2023-05-17 15:12:45.098,0.09048717,-0.21556544,0.15915637,0.032538276,0.99757206,0.005180567,-0.06135359
2023-05-17 15:12:45.209,0.08678809,-0.20083338,0.1715714,0.043780338,0.99681336,-0.022168366,-0.062887646
2023-05-17 15:12:45.306,0.07410995,-0.1973167,0.18654388,0.07770872,0.99149823,-0.058685012,-0.08630521
2023-05-17 15:12:45.404,0.059324555,-0.197142,0.20948508,0.116693996,0.98026973,-0.1100578,-0.11550282
2023-05-17 15:12:45.501,0.042931378,-0.19653481,0.2268902,0.15895207,0.9649651,-0.14075029,-0.15416227
2023-05-17 15:12:45.599,0.028958984,-0.19618726,0.23965113,0.19158992,0.94994783,-0.15396957,-0.19283593
2023-05-17 15:12:45.696,0.022029527,-0.19820136,0.24928583,0.20770103,0.940503,-0.16372462,-0.21332717
2023-05-17 15:12:45.808,0.010376871,-0.1960091,0.26097715,0.23604545,0.92707413,-0.17423676,-0.23336129
2023-05-17 15:12:45.905,0.0043589324,-0.19348985,0.2677753,0.25333348,0.9165268,-0.17858039,-0.25280353
2023-05-17 15:12:46.002,0.0051638186,-0.19442672,0.27146456,0.2532574,0.9132403,-0.18319924,-0.26132518
2023-05-17 15:12:46.100,0.0026135296,-0.19488424,0.27535886,0.2588795,0.90916556,-0.18473525,-0.26883477
2023-05-17 15:12:46.197,0.0036212653,-0.19731289,0.2772053,0.25629088,0.908518,-0.1861964,-0.27247187
2023-05-17 15:12:46.296,0.0008917749,-0.19946367,0.279544,0.2598238,0.90597606,-0.18408868,-0.27894503
2023-05-17 15:12:46.407,-6.80536E-05,-0.20250815,0.2828241,0.25953904,0.9049925,-0.18452007,-0.28210002
2023-05-17 15:12:46.504,-0.0011624172,-0.20465142,0.28547728,0.26131183,0.9016328,-0.18393241,-0.2914504
2023-05-17 15:12:46.602,-0.0018005148,-0.20479721,0.28782195,0.26355943,0.8988435,-0.18496165,-0.29733115
2023-05-17 15:12:46.699,-0.0016545057,-0.20497197,0.28797877,0.26327884,0.8984921,-0.18465926,-0.29882625
2023-05-17 15:12:46.797,-0.0010424107,-0.20475876,0.28796995,0.2628878,0.89809453,-0.18508227,-0.30010107
2023-05-17 15:12:46.908,0.00356102,-0.20115674,0.27947602,0.2553507,0.90299493,-0.18038905,-0.29471353
2023-05-17 15:12:47.006,0.016389646,-0.19898623,0.25630116,0.22379112,0.9235968,-0.16147095,-0.2661084
2023-05-17 15:12:47.103,0.03702695,-0.19968903,0.2231591,0.16997352,0.9555812,-0.1218258,-0.2076825
2023-05-17 15:12:47.200,0.057012685,-0.19768357,0.1961461,0.11804946,0.9795307,-0.07889995,-0.14268392
2023-05-17 15:12:47.298,0.0736417,-0.19815993,0.17831424,0.077668324,0.99241644,-0.04281002,-0.0851145
2023-05-17 15:12:47.395,0.08223815,-0.19995493,0.1683293,0.058048695,0.9969029,-0.018030135,-0.049898
2023-05-17 15:12:47.506,0.082671106,-0.20426387,0.16263463,0.057063773,0.99790156,-0.004422515,-0.030275255
2023-05-17 15:12:47.604,0.08446558,-0.20483232,0.1596803,0.055726502,0.9983684,0.0029269455,-0.012106022
2023-05-17 15:12:47.701,0.08657768,-0.20544308,0.15794306,0.052807685,0.99858004,0.006722778,0.0020174375
2023-05-17 15:12:47.799,0.08942136,-0.20648438,0.1572151,0.047946688,0.9986934,0.0090644965,0.015181272
2023-05-17 15:12:47.896,0.091263436,-0.20817477,0.15404168,0.044791635,0.9985938,0.01665813,0.022951616
2023-05-17 15:12:48.008,0.09214397,-0.21061146,0.15230969,0.04307814,0.9983918,0.021623908,0.029838286
2023-05-17 15:12:48.105,0.09010753,-0.21221834,0.15185611,0.046065904,0.99842864,0.023385165,0.021706916
2023-05-17 15:12:48.203,0.08962095,-0.21282297,0.15228383,0.046413057,0.9984712,0.02283162,0.019489843
2023-05-17 15:12:48.300,0.088921055,-0.21331578,0.15212943,0.047540147,0.9984317,0.023582753,0.017832668
2023-05-17 15:12:48.397,0.088959575,-0.21428913,0.15171102,0.047083393,0.99845004,0.02460837,0.016583212
2023-05-17 15:12:48.509,0.089055076,-0.21586746,0.150849,0.04647008,0.99843216,0.026701715,0.01614867
2023-05-17 15:12:48.612,0.08915275,-0.21869564,0.14871167,0.04581853,0.9982633,0.03196403,0.018685693
2023-05-17 15:12:48.704,0.08862184,-0.22135532,0.14687434,0.046624713,0.99803513,0.03663388,0.020249363
2023-05-17 15:12:48.801,0.08984792,-0.22353464,0.14594042,0.043787476,0.9979931,0.039394584,0.023244957
2023-05-17 15:12:48.899,0.09098515,-0.22574735,0.14501604,0.0411182,0.997975,0.041941136,0.024417154
2023-05-17 15:12:48.996,0.09304416,-0.22851545,0.14371203,0.03670046,0.9979478,0.045254555,0.026554594
2023-05-17 15:12:49.107,0.093807295,-0.23079002,0.14269081,0.034549475,0.997856,0.04784041,0.028299158
2023-05-17 15:12:49.206,0.09435694,-0.2326144,0.14216454,0.03336419,0.9977734,0.049233973,0.030184083
2023-05-17 15:12:49.302,0.094203666,-0.2326464,0.14169912,0.033719804,0.9977233,0.04999324,0.03019617
2023-05-17 15:12:49.400,0.09334158,-0.2261374,0.14227128,0.036577236,0.99760604,0.048422,0.033158015
2023-05-17 15:12:49.497,0.09097878,-0.21677178,0.14765328,0.0442928,0.99784005,0.036267575,0.032219537
2023-05-17 15:12:49.609,0.086039685,-0.20455599,0.15487984,0.05798981,0.99790484,0.01821208,0.022168677
2023-05-17 15:12:49.707,0.07336033,-0.20033807,0.16893843,0.08694751,0.9960728,-0.01632419,-0.0035316064
2023-05-17 15:12:49.804,0.054617167,-0.19947898,0.18797922,0.13045382,0.98786914,-0.06351524,-0.05533559
2023-05-17 15:12:49.901,0.034805693,-0.19231403,0.21119502,0.18000995,0.97063076,-0.10770754,-0.117777295
2023-05-17 15:12:49.999,0.021614328,-0.18577522,0.23077005,0.21661949,0.9512068,-0.14363492,-0.16628471
2023-05-17 15:12:50.096,0.017223127,-0.18250066,0.24620555,0.23367605,0.93616,-0.17093757,-0.19944936
2023-05-17 15:12:50.207,0.013391554,-0.1809547,0.25762883,0.24934554,0.92061627,-0.18517703,-0.23664746
2023-05-17 15:12:50.305,0.010842241,-0.1800341,0.2641744,0.2563265,0.9126624,-0.19192722,-0.25398403
2023-05-17 15:12:50.405,0.009728305,-0.18090111,0.2688025,0.2589767,0.9082467,-0.1977074,-0.26254687
2023-05-17 15:12:50.500,0.007357456,-0.1819275,0.2724855,0.26337138,0.90555954,-0.19951831,-0.26606357
2023-05-17 15:12:50.597,0.0059943795,-0.18481249,0.27345654,0.26362246,0.9053936,-0.1966196,-0.26852643
2023-05-17 15:12:50.708,0.00469511,-0.18718034,0.2746505,0.2636588,0.9046821,-0.19489026,-0.27212524
2023-05-17 15:12:50.806,0.0043903366,-0.18819082,0.2753018,0.26343447,0.9047641,-0.19487752,-0.27207854
2023-05-17 15:12:50.903,0.0039149225,-0.1891256,0.27621955,0.26377374,0.90452665,-0.19510844,-0.27237368
2023-05-17 15:12:51.001,0.0033732876,-0.189614,0.2773406,0.26496068,0.90326416,-0.19532792,-0.27523905
2023-05-17 15:12:51.099,0.0029546246,-0.1902827,0.2778784,0.26550946,0.902575,-0.19445017,-0.27758238
2023-05-17 15:12:51.196,0.0029480308,-0.19020945,0.27762187,0.26546142,0.90245396,-0.19419087,-0.27820304
2023-05-17 15:12:51.308,0.0032504424,-0.18962723,0.27690881,0.26493573,0.90331817,-0.1943587,-0.27577177
2023-05-17 15:12:51.405,0.005557686,-0.18845916,0.27137637,0.26048878,0.9065703,-0.1891158,-0.27296725
2023-05-17 15:12:51.503,0.0140731335,-0.18401599,0.25821236,0.24227409,0.9155131,-0.17899047,-0.26664844
2023-05-17 15:12:51.600,0.031909667,-0.18213451,0.23411211,0.19684985,0.9367699,-0.15336582,-0.24533868
2023-05-17 15:12:51.697,0.054510772,-0.18262118,0.21061744,0.13559136,0.9637933,-0.124614224,-0.19284377
2023-05-17 15:12:51.808,0.07175639,-0.18185371,0.19699542,0.0878452,0.9812668,-0.09980796,-0.13941675
2023-05-17 15:12:51.906,0.079153225,-0.18327403,0.19118226,0.06816394,0.9870631,-0.087650664,-0.115660466
2023-05-17 15:12:52.003,0.07624358,-0.18218726,0.18611084,0.07211286,0.9869835,-0.0742133,-0.12310837
2023-05-17 15:12:52.101,0.08077436,-0.18141049,0.17990221,0.06351321,0.9895091,-0.05903011,-0.1155557
2023-05-17 15:12:52.198,0.082988724,-0.18296736,0.17468536,0.05541403,0.9919027,-0.045302063,-0.10490981
2023-05-17 15:12:52.296,0.0873999,-0.18558276,0.1718885,0.044080183,0.9939736,-0.037264287,-0.09319231
2023-05-17 15:12:52.407,0.09078505,-0.18801701,0.17120142,0.03568916,0.9952138,-0.033713132,-0.08449408
2023-05-17 15:12:52.505,0.09126598,-0.19207633,0.17045969,0.033244994,0.9958159,-0.030923601,-0.07930449
2023-05-17 15:12:52.602,0.09086873,-0.19663745,0.16880415,0.031991307,0.9957232,-0.024252024,-0.083208546
2023-05-17 15:12:52.700,0.09140897,-0.20135212,0.16582474,0.02818679,0.99514294,-0.015188424,-0.09308842
2023-05-17 15:12:52.797,0.094677895,-0.20439684,0.16327384,0.020037368,0.9948837,-0.008902997,-0.09861867
2023-05-17 15:12:52.908,0.09237464,-0.20727158,0.16463317,0.023134798,0.9934091,-0.009151369,-0.111890145
2023-05-17 15:12:53.006,0.09113941,-0.20886111,0.16532284,0.024730723,0.99287784,-0.009762346,-0.116132185
2023-05-17 15:12:53.103,0.091038726,-0.21057862,0.16546012,0.02471396,0.99250203,-0.008993267,-0.11936507
2023-05-17 15:12:53.201,0.09069513,-0.21243733,0.16510363,0.024544284,0.99207294,-0.0074928096,-0.12301457
2023-05-17 15:12:53.298,0.0914759,-0.21389359,0.16624977,0.022676134,0.99154025,-0.008742957,-0.12750368
2023-05-17 15:12:53.396,0.092457846,-0.21760947,0.16469668,0.019478938,0.9911874,-0.0063314727,-0.13087349
2023-05-17 15:12:53.507,0.09441883,-0.21982414,0.16496606,0.014772143,0.9911753,-0.0059759617,-0.13159636
2023-05-17 15:12:53.605,0.09582511,-0.22087747,0.16488163,0.011144801,0.99115777,-0.0050921435,-0.13212182
2023-05-17 15:12:53.702,0.09710829,-0.22197908,0.16512178,0.007999486,0.9911338,-0.0053583677,-0.132518
2023-05-17 15:12:53.800,0.097144894,-0.22350484,0.16495876,0.007367979,0.99081326,-0.004649877,-0.13495617
2023-05-17 15:12:53.897,0.09722876,-0.22497046,0.16450694,0.006809178,0.9907459,-0.0036546285,-0.1355097
2023-05-17 15:12:54.009,0.09767883,-0.22617167,0.16432494,0.0058180173,0.9908505,-0.003158361,-0.13480192
2023-05-17 15:12:54.106,0.09863694,-0.22749227,0.1635609,0.0034142765,0.991014,-0.0018904803,-0.13370058
2023-05-17 15:12:54.204,0.0996248,-0.22846061,0.16322228,0.0011426285,0.99107486,-0.0011675954,-0.13329658
2023-05-17 15:12:54.301,0.09993576,-0.22801465,0.16239978,0.0002930835,0.99110293,-2.9623508E-05,-0.1330976
2023-05-17 15:12:54.398,0.0991272,-0.22685349,0.16260907,0.0019889323,0.9911192,-0.0009319781,-0.13295825
2023-05-17 15:12:54.496,0.09754496,-0.22247761,0.16344981,0.0059522465,0.9910918,-0.0033009946,-0.13300692
2023-05-17 15:12:54.608,0.09586359,-0.22330326,0.1656281,0.009603067,0.9908016,-0.0073173037,-0.13478275
2023-05-17 15:12:54.705,0.097391106,-0.2204082,0.1670564,0.00725438,0.9910072,-0.011858372,-0.13308442
2023-05-17 15:12:54.802,0.09547614,-0.21290815,0.17162132,0.0139537575,0.9908899,-0.024307283,-0.13172579
2023-05-17 15:12:54.900,0.08974539,-0.20536888,0.17931482,0.02976171,0.98993,-0.045299873,-0.13077007
2023-05-17 15:12:54.997,0.08221455,-0.19890612,0.18868189,0.05186915,0.9866125,-0.06933848,-0.13819331
2023-05-17 15:12:55.109,0.06750499,-0.1953749,0.20267573,0.09296865,0.9773357,-0.10054694,-0.16143768
2023-05-17 15:12:55.207,0.053147204,-0.19343728,0.21719718,0.13239464,0.96454626,-0.12545471,-0.19074401
2023-05-17 15:12:55.304,0.041172452,-0.19154173,0.23126903,0.16694604,0.9496346,-0.14676984,-0.22086602
2023-05-17 15:12:55.401,0.0280144,-0.18910939,0.24607153,0.20420903,0.9315507,-0.16513711,-0.25147912
2023-05-17 15:12:55.498,0.014379054,-0.18322784,0.25887144,0.24479575,0.9097516,-0.17332983,-0.2870259
2023-05-17 15:12:55.596,0.006369099,-0.18042266,0.26705992,0.26683265,0.8963877,-0.1783002,-0.30577496
2023-05-17 15:12:55.707,0.00849466,-0.1812281,0.2710819,0.264632,0.8938608,-0.18561342,-0.31069353
2023-05-17 15:12:55.805,0.0063741133,-0.18264121,0.2723165,0.2673493,0.8921808,-0.18341151,-0.31448048
2023-05-17 15:12:55.902,0.0063810125,-0.18610531,0.27429163,0.26510048,0.8915743,-0.18267016,-0.3185096
2023-05-17 15:12:55.999,0.006362021,-0.18910193,0.27507895,0.26187494,0.89237094,-0.18119986,-0.31978455
2023-05-17 15:12:56.097,0.005896017,-0.18998086,0.27869248,0.26311493,0.88993615,-0.1846084,-0.32357982
2023-05-17 15:12:56.209,0.0023865998,-0.19114691,0.28294006,0.27044794,0.88519835,-0.18544893,-0.32998547
2023-05-17 15:12:56.307,2.5764108E-05,-0.19070786,0.28225577,0.2758009,0.88322634,-0.18147592,-0.3330337
2023-05-17 15:12:56.404,0.0023052394,-0.18898302,0.27968603,0.2729914,0.8849175,-0.18205093,-0.33053604
2023-05-17 15:12:56.501,0.0043579787,-0.18644089,0.27485052,0.26953182,0.8888853,-0.1813219,-0.32304457
2023-05-17 15:12:56.599,0.009605221,-0.18372059,0.2660517,0.25887993,0.8960985,-0.1774322,-0.31385732
2023-05-17 15:12:56.696,0.02271559,-0.18237859,0.2501775,0.22575566,0.91556156,-0.16865619,-0.2869434
2023-05-17 15:12:56.807,0.048931725,-0.18334037,0.2257818,0.15584503,0.94701767,-0.14664525,-0.23950994
2023-05-17 15:12:56.905,0.061641417,-0.1870755,0.2093049,0.116128385,0.96471804,-0.11564703,-0.20605591
2023-05-17 15:12:57.002,0.071379125,-0.19366997,0.19385353,0.081494965,0.9774093,-0.080839075,-0.17746697
2023-05-17 15:12:57.100,0.08066046,-0.20364779,0.18453532,0.052786693,0.9865037,-0.056821316,-0.14420576
2023-05-17 15:12:57.197,0.08501155,-0.21081644,0.1806693,0.040773783,0.9890524,-0.043729406,-0.134909
2023-05-17 15:12:57.309,0.08611154,-0.21630931,0.1791137,0.03781383,0.9901828,-0.037952844,-0.12910408
2023-05-17 15:12:57.406,0.086438246,-0.21785182,0.17800672,0.03565011,0.990582,-0.036000844,-0.12720136
2023-05-17 15:12:57.503,0.088750295,-0.21904105,0.17643501,0.029858429,0.9909653,-0.0330556,-0.12650514
2023-05-17 15:12:57.601,0.09242258,-0.22154355,0.17401537,0.021168359,0.99159515,-0.027885497,-0.12455272
2023-05-17 15:12:57.698,0.093140334,-0.22409797,0.1722711,0.01891101,0.9919261,-0.023663964,-0.123146005
2023-05-17 15:12:57.796,0.091495976,-0.22580206,0.17047268,0.021498011,0.991945,-0.01849812,-0.12345259
2023-05-17 15:12:57.908,0.09039071,-0.22653043,0.16945302,0.023501713,0.9922156,-0.015376775,-0.12132349
2023-05-17 15:12:58.005,0.08998464,-0.22709435,0.16882502,0.024191942,0.9922896,-0.013567863,-0.12079673
2023-05-17 15:12:58.102,0.08980149,-0.22815877,0.1683463,0.024495311,0.99231625,-0.011920065,-0.120691
2023-05-17 15:12:58.199,0.089826666,-0.22819453,0.16730845,0.024340045,0.9925599,-0.009475409,-0.1189223
2023-05-17 15:12:58.297,0.08950244,-0.22678888,0.16586992,0.025261085,0.9928166,-0.0069894483,-0.11673961
2023-05-17 15:12:58.408,0.08790062,-0.21282154,0.1654216,0.030557282,0.9931338,-0.010780901,-0.1124067
2023-05-17 15:12:58.506,0.08553646,-0.19563615,0.16977292,0.041771572,0.9925479,-0.024810698,-0.11174993
2023-05-17 15:12:58.603,0.081040055,-0.18692404,0.17898297,0.05844198,0.99067485,-0.05127009,-0.11188945
2023-05-17 15:12:58.701,0.072760746,-0.18700111,0.19442403,0.08347095,0.98450196,-0.0885515,-0.1262816
2023-05-17 15:12:58.798,0.06379934,-0.18832672,0.21071857,0.109595336,0.97616994,-0.12501094,-0.13947554
2023-05-17 15:12:58.895,0.050140165,-0.18814164,0.22484836,0.14554313,0.9630051,-0.14909148,-0.17090914
2023-05-17 15:12:59.007,0.03821002,-0.18634361,0.23792806,0.17870912,0.94842386,-0.16742171,-0.20130834
2023-05-17 15:12:59.105,0.029112048,-0.184497,0.24511698,0.20475191,0.93641144,-0.17252897,-0.22681281
2023-05-17 15:12:59.202,0.01880575,-0.18225288,0.25235832,0.23191102,0.92419887,-0.17706493,-0.24641773
2023-05-17 15:12:59.299,0.00980556,-0.18151253,0.25801274,0.25270233,0.91400814,-0.1761687,-0.26399848
2023-05-17 15:12:59.397,0.010127686,-0.18388683,0.261828,0.25131047,0.91189426,-0.17957942,-0.27026492
2023-05-17 15:12:59.508,0.008701086,-0.18555075,0.2662754,0.25476333,0.90691614,-0.18104956,-0.28252378
2023-05-17 15:12:59.606,0.0060927942,-0.18537503,0.26797724,0.26042923,0.9038461,-0.18036683,-0.28758743
2023-05-17 15:12:59.703,0.004327029,-0.1837033,0.26989353,0.2664257,0.9004076,-0.18284969,-0.29128936
2023-05-17 15:12:59.800,0.0027186647,-0.18172795,0.27249774,0.2727336,0.89499056,-0.1846729,-0.30083907
2023-05-17 15:12:59.898,0.0036158934,-0.18233609,0.27328518,0.27100518,0.8941926,-0.18560243,-0.30418342
2023-05-17 15:12:59.996,0.0041131526,-0.18308824,0.27388,0.26948345,0.89408904,-0.18652973,-0.30527025
2023-05-17 15:13:00.107,0.0037992,-0.18435782,0.27530754,0.2692779,0.8936099,-0.18729384,-0.30638528
2023-05-17 15:13:00.204,0.0031291246,-0.18635601,0.27579504,0.2688563,0.8936532,-0.18579915,-0.30753696
2023-05-17 15:13:00.302,0.0030768365,-0.18762797,0.2752903,0.26744112,0.8946482,-0.1840698,-0.30691722
2023-05-17 15:13:00.399,0.003073901,-0.18826085,0.27526426,0.2670565,0.89500916,-0.18364222,-0.30645528
2023-05-17 15:13:00.497,0.0029407665,-0.18865341,0.27598435,0.267291,0.8948904,-0.18438004,-0.30615482
2023-05-17 15:13:00.608,0.002092816,-0.18861514,0.277957,0.2701393,0.89235777,-0.18568842,-0.3102289
2023-05-17 15:13:00.706,0.0010419711,-0.18795425,0.27903113,0.27355772,0.8906826,-0.1866721,-0.3114548
2023-05-17 15:13:00.803,0.0008746311,-0.18813139,0.27915317,0.2738437,0.89053667,-0.18669133,-0.3116093
2023-05-17 15:13:00.901,0.00095519423,-0.18850356,0.27875608,0.27336878,0.8909023,-0.18586452,-0.31147552
2023-05-17 15:13:00.998,0.0010910705,-0.18913871,0.27646643,0.27172154,0.89266914,-0.18260926,-0.3097791
2023-05-17 15:13:01.096,0.0031230822,-0.18878812,0.26982126,0.26587096,0.897829,-0.17487033,-0.30436197
2023-05-17 15:13:01.207,0.006046079,-0.18746811,0.26335317,0.25820333,0.90474665,-0.17118533,-0.29233554
2023-05-17 15:13:01.304,0.0090100095,-0.18642122,0.26162827,0.25317532,0.9078348,-0.17399551,-0.28541824
2023-05-17 15:13:01.402,0.008183271,-0.18812066,0.2605683,0.2518171,0.9101581,-0.17029114,-0.281427
2023-05-17 15:13:01.500,0.007776201,-0.19357413,0.26001295,0.24684311,0.9142872,-0.16561358,-0.27517173
2023-05-17 15:13:01.597,0.005429551,-0.19657767,0.25915113,0.24796417,0.91581416,-0.15868577,-0.27316117
2023-05-17 15:13:01.708,0.0032114238,-0.19731468,0.25772354,0.25082985,0.9172935,-0.15434894,-0.26801732
2023-05-17 15:13:01.806,-0.00062119216,-0.19718045,0.25763655,0.25789887,0.91636753,-0.15084837,-0.26646456
2023-05-17 15:13:01.903,-0.0015516728,-0.19790745,0.2601621,0.26000077,0.91465545,-0.15328224,-0.26890454
2023-05-17 15:13:02.001,-0.0017717704,-0.19867975,0.263692,0.26129875,0.91164726,-0.15652676,-0.2759013
2023-05-17 15:13:02.098,-0.0016992092,-0.19964367,0.26602048,0.2609977,0.9105545,-0.15968293,-0.27797836
2023-05-17 15:13:02.196,-0.0013372898,-0.20073056,0.26731938,0.25978088,0.9104052,-0.16130537,-0.27866983
2023-05-17 15:13:02.308,-0.0009378493,-0.20255035,0.2679226,0.25746852,0.91104615,-0.16157311,-0.27856603
2023-05-17 15:13:02.405,-0.0016705915,-0.2028572,0.2698784,0.25904122,0.9098164,-0.16349062,-0.28000435
2023-05-17 15:13:02.502,-0.0028287023,-0.20302755,0.2714376,0.26178002,0.9069666,-0.16298987,-0.28690973
2023-05-17 15:13:02.600,-0.002414152,-0.20261031,0.27292958,0.2619817,0.9057587,-0.16552594,-0.2890812
